{
    "query": {
        "apikey": "",
        "base_currency": "USD",
        "timestamp": 1646383823
    },
    "data": {
        "JPY": 115.47568,
        "CNY": 6.32346,
        "CHF": 0.91908,
        "CAD": 1.26947,
        "MXN": 20.68458,
        "INR": 76.11881,
        "BRL": 5.03214,
        "RUB": 107.92655,
        "KRW": 1211.46895,
        "IDR": 14380.35006,
        "TRY": 14.20136,
        "SAR": 3.7515,
        "SEK": 9.78775,
        "NGN": 415.46751,
        "PLN": 4.38775,
        "ARS": 108.03234,
        "NOK": 8.91163,
        "TWD": 28.12353,
        "IRR": 42000.81864,
        "AED": 3.67295,
        "COP": 3755.51148,
        "THB": 32.60096,
        "ZAR": 15.24753,
        "DKK": 6.75297,
        "MYR": 4.17509,
        "SGD": 1.35935,
        "ILS": 3.25377,
        "HKD": 7.81703,
        "EGP": 15.71028,
        "PHP": 51.80081,
        "CLP": 795.16045,
        "PKR": 177.45391,
        "IQD": 1458.54811,
        "DZD": 141.93942,
        "KZT": 501.79595,
        "QAR": 3.65037,
        "CZK": 23.45188,
        "PEN": 3.7281,
        "RON": 4.49119,
        "VND": 22835.39211,
        "BDT": 85.91129,
        "HUF": 347.44278,
        "UAH": 29.70037,
        "AOA": 489.40781,
        "MAD": 9.65665,
        "OMR": 0.38501,
        "CUC": 24.00033,
        "BYR": 3.07958,
        "AZN": 1.69304,
        "LKR": 199.04425,
        "SDG": 444.61032,
        "SYP": 2511.02836,
        "MMK": 1769.54756,
        "DOP": 54.7214,
        "UZS": 10878.63086,
        "KES": 113.802,
        "GTQ": 7.71221,
        "URY": 42.72064,
        "HRV": 6.86047,
        "MOP": 8.0522,
        "ETB": 50.80515,
        "CRC": 642.12886,
        "TZS": 2310.04567,
        "TMT": 3.49004,
        "TND": 2.92388,
        "PAB": 1.00001,
        "LBP": 1505.73539,
        "RSD": 106.72203,
        "LYD": 4.61237,
        "GHS": 6.90008,
        "YER": 250.00513,
        "BOB": 6.80014,
        "BHD": 0.37701,
        "CDF": 1996.17452,
        "PYG": 6976.79159,
        "UGX": 3560.0986,
        "SVC": 8.74973,
        "TTD": 6.71791,
        "AFN": 89.68228,
        "NPR": 121.79233,
        "HNL": 24.44742,
        "BIH": 1.77413,
        "BND": 1.35914,
        "ISK": 130.03198,
        "KHR": 4055.0542,
        "GEL": 3.20005,
        "MZN": 63.20119,
        "BWP": 11.60124,
        "PGK": 3.5236,
        "JMD": 153.41291,
        "XAF": 595.52717,
        "NAD": 15.23036,
        "ALL": 110.90271,
        "SSP": 425.89969,
        "MUR": 43.70088,
        "MNT": 2855.04607,
        "NIO": 35.64047,
        "LAK": 11451.30234,
        "MKD": 55.84117,
        "AMD": 500.60548,
        "MGA": 3988.29789,
        "XPF": 108.05125,
        "TJS": 11.27022,
        "HTG": 103.00218,
        "BSD": 1.00001,
        "MDL": 18.25023,
        "RWF": 1007.77425,
        "KGS": 84.50114,
        "GNF": 8881.1701,
        "SRD": 20.36437,
        "SLL": 11518.33653,
        "XOF": 592.01188,
        "MWK": 795.91224,
        "FJD": 2.10933,
        "ERN": 15.05026,
        "SZL": 15.24418,
        "GYD": 207.98508,
        "BIF": 1999.94813,
        "KYD": 0.82501,
        "MVR": 15.42025,
        "LSL": 15.22767,
        "LRD": 153.30237,
        "CVE": 100.07233,
        "DJF": 177.50519,
        "SCR": 13.74544,
        "SOS": 575.0135,
        "GMD": 53.15122,
        "KMF": 444.51906,
        "STD": 22.23063,
        "BTC": 0.0241,
        "XRP": 1.33989,
        "AUD": 1.36522,
        "BGN": 1.77495,
        "JOD": 0.70751,
        "GBP": 0.74926,
        "ETH": 0.00036,
        "EUR": 0.9079,
        "LTC": 0.00906,
        "NZD": 1.47098
    }
}